{
  "accuracy": 0.22439024390243903,
  "f1_macro": 0.17117106287603948,
  "y_pred": [
    9,
    17,
    9,
    9,
    9,
    6,
    0,
    6,
    11,
    17,
    16,
    5,
    6,
    15,
    9,
    6,
    3,
    14,
    9,
    17,
    5,
    15,
    8,
    1,
    15,
    5,
    11,
    1,
    6,
    10,
    8,
    5,
    17,
    5,
    1,
    5,
    17,
    9,
    12,
    17,
    17,
    1,
    13,
    4,
    2,
    6,
    13,
    0,
    3,
    17,
    12,
    17,
    9,
    9,
    2,
    6,
    6,
    12,
    14,
    17,
    12,
    2,
    10,
    0,
    15,
    17,
    0,
    11,
    16,
    17,
    6,
    1,
    17,
    9,
    9,
    6,
    17,
    4,
    6,
    17,
    15,
    0,
    0,
    17,
    3,
    9,
    0,
    17,
    12,
    12,
    2,
    3,
    12,
    12,
    5,
    17,
    8,
    10,
    8,
    1,
    2,
    1,
    12,
    17,
    8,
    0,
    17,
    13,
    5,
    9,
    9,
    3,
    0,
    0,
    3,
    0,
    11,
    17,
    17,
    9,
    9,
    17,
    1,
    16,
    12,
    9,
    1,
    0,
    14,
    15,
    9,
    12,
    17,
    3,
    5,
    10,
    5,
    0,
    17,
    9,
    13,
    15,
    12,
    11,
    9,
    16,
    3,
    15,
    0,
    17,
    8,
    14,
    1,
    4,
    3,
    8,
    17,
    3,
    12,
    11,
    0,
    12,
    5,
    17,
    5,
    16,
    9,
    3,
    12,
    8,
    1,
    8,
    9,
    8,
    3,
    12,
    12,
    17,
    6,
    17,
    9,
    9,
    10,
    2,
    12,
    5,
    5,
    0,
    9,
    0,
    4,
    8,
    12,
    17,
    12,
    11,
    17,
    12,
    15,
    12,
    10,
    0,
    10,
    8,
    15
  ]
}